Mean (ns),Variance (ns)^2,MSE (ns)^2,95th Percentile (ns),Percent Failed Trials
16.9822329686261,2875.98533130937,3149.55690125243,33.7697445956565,0
