Mean (ns),Variance (ns)^2,MSE (ns)^2,95th Percentile (ns),Percent Failed Trials
18.9544103451493,4654.54809008476,5005.94204572916,39.0990531613226,0
