Mean (MHz/us),Variance (MHz/us)^2,MSE (MHz/us)^2,95th Percentile (MHz/us),Percent Failed Trials
0.0658420940642727,0.0172823894018548,5.03424101303819e-07,0.402734469844442,0
