Mean (MHz/us),Variance (MHz/us)^2,MSE (MHz/us)^2,95th Percentile (MHz/us),Percent Failed Trials
0.147833335811305,0.0388809394704303,2.93518118171114e-07,0.554268254598639,0
