Mean (MHz/us),Variance (MHz/us)^2,MSE (MHz/us)^2,95th Percentile (MHz/us),Percent Failed Trials
0.0211202236847822,0.00173468347875181,6.20252388824088e-10,0.0625000001673144,0
