Mean (ns),Variance (ns)^2,MSE (ns)^2,95th Percentile (ns),Percent Failed Trials
16.9708229854292,2179.02159164796,2456.13531649292,38.925263312386,0
