Mean (MHz/us),Variance (MHz/us)^2,MSE (MHz/us)^2,95th Percentile (MHz/us),Percent Failed Trials
0.162941294560411,0.0350764474962844,1.48676851041922e-06,0.498959744378207,0
