Mean (ns),Variance (ns)^2,MSE (ns)^2,75th Percentile (ns),Percent Failed Trials
84.6261481007301,29046.8333877082,33974.0465309739,73.2171508904855,0
