Mean (ns),Variance (ns)^2,MSE (ns)^2,75th Percentile (ns),Percent Failed Trials
19999821.9344063,6.4978071638317,399992877407970,19999823.4406857,0
