Mean (ns),Variance (ns)^2,MSE (ns)^2,75th Percentile (ns),Percent Failed Trials
744.027809766636,119.795395327171,553696.559559124,745.454545324264,0
