Mean (ns),Variance (ns)^2,MSE (ns)^2,75th Percentile (ns),Percent Failed Trials
732.869097165489,512.835676405528,537570.50033336,744.500005893656,0
