Mean (ns),Variance (ns)^2,MSE (ns)^2,75th Percentile (ns),Percent Failed Trials
6768472.6161206,89700936724285.2,135361380044733,19999820.3541003,0
