Mean (m),Variance (m)^2,MSE (m)^2,90th Percentile (m),Percent Failed Trials
12.7920888793505,1489.09874177642,1652.07445801061,18.0457918334981,0
