Mean (m),Variance (m)^2,MSE (m)^2,90th Percentile (m),Percent Failed Trials
47.2199889557408,37273.04438634,39447.8777162418,18.6065392536462,0.0946666666666667
