Mean (m),Variance (m)^2,MSE (m)^2,85th Percentile (m),Percent Failed Trials
17.11536441319,1005.70337026534,1297.96860034812,16.1007122519397,0
