Mean (m),Variance (m)^2,MSE (m)^2,90th Percentile (m),Percent Failed Trials
7.53131453459532,679.461093661996,735.993053088317,9.6745946573291,0
