Mean (m),Variance (m)^2,MSE (m)^2,85th Percentile (m),Percent Failed Trials
46.3672452965348,38796.5556807238,40864.6278435248,15.2690942095341,0.052
