Mean (m),Variance (m)^2,MSE (m)^2,80th Percentile (m),Percent Failed Trials
14.5409543331978,711.52040086388,922.485406850114,15.1057370865819,0
