Mean (m/s),Variance (m/s)^2,MSE (m/s)^2,90th Percentile (m/s),Percent Failed Trials
1.12655233479455,3.30420936847152,4.57186099400548,2.20903173826839,0
