Mean (m/s),Variance (m/s)^2,MSE (m/s)^2,85th Percentile (m/s),Percent Failed Trials
8.91581598962787,214.489440888713,293.838222689024,18.7096548792207,0
