Mean (m/s),Variance (m/s)^2,MSE (m/s)^2,85th Percentile (m/s),Percent Failed Trials
2.76412459820488,173.427893736441,180.702396898487,0.0408112085131407,0.052
