Mean (m/s),Variance (m/s)^2,MSE (m/s)^2,90th Percentile (m/s),Percent Failed Trials
1.42818320512785,3.44600472789029,5.48475477176403,1.80022763873811,0
