Mean (m/s),Variance (m/s)^2,MSE (m/s)^2,85th Percentile (m/s),Percent Failed Trials
2.59203828985365,28.7020710759648,35.4015988579816,1.16248958188832,0
